{
  "pz": {
    "ymax": 0.06626633554697037,
    "tpk": 3.5003450803026417e-06,
    "peaking": 2.500345080302642e-06,
    "fwhm": 2.5018826185010975e-06,
    "umin": -0.00014882779214531183,
    "upct": -0.22459034578699605,
    "gain": 10.194820853380056,
    "tl": 2.326461325556369e-06,
    "tr": 4.828343944057466e-06
  },
  "nop": {
    "ymax": 0.06560344994068146,
    "tpk": 3.5003450803026417e-06,
    "peaking": 2.500345080302642e-06,
    "fwhm": 2.4572106997712827e-06,
    "umin": -0.003213928546756506,
    "upct": -4.899023678880509,
    "gain": 10.092838452412533,
    "tl": 2.321008424605275e-06,
    "tr": 4.7782191243765576e-06
  },
  "low": {
    "ymax": 0.06888614594936371,
    "tpk": 3.5003450803026417e-06,
    "peaking": 2.500345080302642e-06,
    "fwhm": 2.7145410040988844e-06,
    "umin": 0.009308455511927605,
    "upct": 13.512812168022858,
    "gain": 10.597868607594418,
    "tl": 2.3474935245240125e-06,
    "tr": 5.062034528622897e-06
  }
}