{
  "first_pulse_peak_mV": 67.56097823381424,
  "baseline_off_mV": -17.338229482993484,
  "baseline_on_mV": -0.42502074102230836,
  "droop_off_pct": -25.663082353528896,
  "droop_on_pct": -0.6290920471154244,
  "droop_removed_pct": 97.54864969667638
}