{
  "CSP_OUT": {
    "peak_V": -0.006444594794174341,
    "peak_mV": -6.444594794174342,
    "t_peak_us": 1.9033066716944036,
    "peaking_time_us": 0.9033066716944036,
    "fwhm_us": 37.294422828585496,
    "baseline_V": -8.935746119919774e-11
  },
  "SHOUT (shaper)": {
    "peak_V": -0.06716123944263742,
    "peak_mV": -67.16123944263742,
    "t_peak_us": 3.4410566716945183,
    "peaking_time_us": 2.4410566716945183,
    "fwhm_us": 2.5282563052315123,
    "baseline_V": 1.5254925027355574e-15
  },
  "BLR_OUT (CR-210)": {
    "peak_V": 0.06699284429686807,
    "peak_mV": 66.99284429686807,
    "t_peak_us": 3.471056671694521,
    "peaking_time_us": 2.4710566716945204,
    "fwhm_us": 2.5249745627010616,
    "baseline_V": 7.036303940462089e-05
  },
  "BUF_OUT (THS3491)": {
    "peak_V": 0.133862417673608,
    "peak_mV": 133.86241767360798,
    "t_peak_us": 3.4730566716945206,
    "peaking_time_us": 2.4730566716945206,
    "fwhm_us": 2.526739572039186,
    "baseline_V": 0.0031286106039073677
  },
  "OUT_50 (50ohm load)": {
    "peak_V": 0.06699820704384785,
    "peak_mV": 66.99820704384784,
    "t_peak_us": 3.4730566716945206,
    "peaking_time_us": 2.4730566716945206,
    "fwhm_us": 2.5267395720391863,
    "baseline_V": 0.001565871173126811
  },
  "_meta": {
    "injected_charge_pC": 0.5000000000000375,
    "gain_shaper_over_csp": 10.421328506696577,
    "gain_blr_over_shaper": -0.9974926736438035,
    "gain_buf_over_blr": 1.9981599389991278,
    "gain_out_over_buf": 0.5005005005005005,
    "overall_out50_over_csp": -10.396030966044842,
    "out50_peak_mV_for_0p5pC": 66.99820704384784,
    "engine": "LTspice 24.1.9 batch (-b -Run)"
  }
}